Layer,	Cycles,	% Utilization,
Conv1,	6750,	27.06870659722222,
Conv2,	419450,	93.79291333889618,
Conv3,	14850,	76.93939393939394,
Conv4,	22588,	75.02324242960864,
Conv5,	12190,	97.40360951599672,
FC1,	442944,	100.0,
FC2,	49216,	100.0,
FC3,	2092,	3.90625,
