Layer,	Cycles,	% Utilization,
Conv1,	27699,	98.48192285822593,
Conv2red,	3263,	97.36392231947484,
Conv2,	79551,	98.95468185798262,
Inc3a_1x1,	2575,	91.4876874511528,
Inc3a_3x3red,	5024,	70.20708646476209,
Inc3a_3x3,	19072,	95.63965688660139,
Inc3a_5x5red,	2527,	23.403742283950617,
Inc3a_5x5,	3695,	48.848919942669944,
Inc3a_pp,	2543,	46.47811448852394,
Inc3b_1x1,	6720,	93.18603842647715,
Inc3b_3x3red,	6720,	93.18603842647715,
Inc3b_3x3,	38079,	95.83087519326597,
Inc3b_5x5red,	3375,	46.635961688746654,
Inc3b_5x5,	14463,	74.59036096418447,
Inc3b_pp,	3407,	92.160717247862,
Inc4a_1x1,	5823,	75.55097880978448,
Inc4a_3x3red,	3872,	56.92755172678249,
Inc4a_3x3,	10383,	60.846267637002796,
Inc4a_5x5red,	1939,	18.983542272286822,
Inc4a_5x5,	883,	54.58736487234357,
Inc4a_pp,	1987,	73.59220857759708,
Inc4b_1x1,	6175,	63.46017048329959,
Inc4b_3x3red,	4144,	66.12357015975743,
Inc4b_3x3,	12127,	65.44489117774388,
Inc4b_5x5red,	2075,	28.364849597114922,
Inc4b_5x5,	1299,	73.23348890290974,
Inc4b_pp,	2115,	73.77231151557318,
Inc4c_1x1,	4160,	75.14627304865952,
Inc4c_3x3red,	4160,	75.14627304865952,
Inc4c_3x3,	13887,	74.58176655775185,
Inc4c_5x5red,	2075,	28.364849597114922,
Inc4c_5x5,	283,	37.881105051100626,
Inc4c_pp,	2115,	73.77231151557318,
Inc4d_1x1,	4144,	66.12357015975743,
Inc4d_3x3red,	6159,	57.27929116688991,
Inc4d_3x3,	19471,	67.38483875057779,
Inc4d_5x5red,	2083,	37.64624951148389,
Inc4d_5x5,	1699,	74.41003997857787,
Inc4d_pp,	2115,	73.77231151557318,
Inc4e_1x1,	8511,	75.87044408522794,
Inc4e_3x3red,	6367,	63.470481032570284,
Inc4e_3x3,	21663,	74.73189272896182,
Inc4e_5x5red,	2147,	37.66521359513532,
Inc4e_5x5,	3264,	76.23165690602973,
Inc4e_pp,	4288,	75.18855834135177,
Inc5a_1x1,	3391,	74.6885137127691,
Inc5a_3x3red,	1644,	61.56715708637469,
Inc5a_3x3,	7263,	38.60131187181605,
Inc5a_5x5red,	912,	35.52068536931819,
Inc5a_5x5,	1664,	13.293699263379436,
Inc5a_pp,	1728,	72.88288940359004,
Inc5b_1x1,	5055,	75.30539070227498,
Inc5b_3x3red,	2559,	74.0792301680344,
Inc5b_3x3,	10431,	38.74137936199789,
Inc5b_5x5red,	928,	53.23486328125,
Inc5b_5x5,	1664,	13.293699263379436,
Inc5b_pp,	1728,	72.88288940359004,
FC6,	16424,	1.5210958431011385,
